{
    "feature": "tns7:husk_dungeon",
    "placement": [
        {
            "type": "minecraft:rarity_filter",
            "chance": 12
        },
        {
            "type": "minecraft:in_square"
        },
        {
            "type": "minecraft:height_range",
            "height": {
                "type": "minecraft:uniform",
                "min_inclusive": {
                    "above_bottom": 0
                },
                "max_inclusive": {
                    "absolute": -8
                }
            }
        },
        {
            "type": "minecraft:biome"
        }
    ]
}